an,materie,materie_label,sesiune,sesiune_label,tip,fisier,cale,marime_bytes,sha256
2012,matematica,Matematica,sesiune-iunie-iulie,Sesiunea iunie-iulie,barem,2012-iunie-iulie-mate-info-barem.pdf,bac/2012/matematica/sesiune-iunie-iulie/2012-iunie-iulie-mate-info-barem.pdf,138485,9f096575c739c34c2043e41516966edf3fb147ee880b296f0e664f88e3bfdf07
2012,matematica,Matematica,sesiune-iunie-iulie,Sesiunea iunie-iulie,subiect,2012-iunie-iulie-mate-info-subiect.pdf,bac/2012/matematica/sesiune-iunie-iulie/2012-iunie-iulie-mate-info-subiect.pdf,103177,a54a4481c5f51381d550dc1db12e635bc964d73f0f12953d379413a19da29402
2012,matematica,Matematica,sesiune-iunie-iulie,Sesiunea iunie-iulie,barem,2012-iunie-iulie-pedagogic-barem.pdf,bac/2012/matematica/sesiune-iunie-iulie/2012-iunie-iulie-pedagogic-barem.pdf,124781,1ce80ab63b822ac212e7c5ca24fe69838fd22a96e62de4abacff86b5b22bf765
2012,matematica,Matematica,sesiune-iunie-iulie,Sesiunea iunie-iulie,subiect,2012-iunie-iulie-pedagogic-subiect.pdf,bac/2012/matematica/sesiune-iunie-iulie/2012-iunie-iulie-pedagogic-subiect.pdf,98674,1fd69fa5f6973f4eba98c0a4d0f77e5f7e64afe0c947c392e6e13c24fee55b83
2012,matematica,Matematica,sesiune-iunie-iulie,Sesiunea iunie-iulie,barem,2012-iunie-iulie-stiinte-naturii-tehnologic-barem.pdf,bac/2012/matematica/sesiune-iunie-iulie/2012-iunie-iulie-stiinte-naturii-tehnologic-barem.pdf,131652,d085b6d7eb946f8b3d1aaa986af4df292a9b3b5807fb02142e30c819959cdfe8
2012,matematica,Matematica,sesiune-iunie-iulie,Sesiunea iunie-iulie,subiect,2012-iunie-iulie-stiinte-naturii-tehnologic-subiect.pdf,bac/2012/matematica/sesiune-iunie-iulie/2012-iunie-iulie-stiinte-naturii-tehnologic-subiect.pdf,105389,e08f9ce2a91c438bdde4d018281fc7dd4b86d3b00b01f6652dd5238576ed0b29
2013,matematica,Matematica,sesiune-iunie-iulie,Sesiunea iunie-iulie,barem,2013-iunie-iulie-mate-info-barem.pdf,bac/2013/matematica/sesiune-iunie-iulie/2013-iunie-iulie-mate-info-barem.pdf,60477,f276a31db45364af6940c206b909dd0fafcd48cd50bee0bc227a99bf7aaaae2e
2013,matematica,Matematica,sesiune-iunie-iulie,Sesiunea iunie-iulie,subiect,2013-iunie-iulie-mate-info-subiect.pdf,bac/2013/matematica/sesiune-iunie-iulie/2013-iunie-iulie-mate-info-subiect.pdf,52670,f0629f1ee4e200fb2815036ef09f78fd64f4635e38afb27bed9801a18c2f6cb0
2013,matematica,Matematica,sesiune-iunie-iulie,Sesiunea iunie-iulie,barem,2013-iunie-iulie-pedagogic-barem.pdf,bac/2013/matematica/sesiune-iunie-iulie/2013-iunie-iulie-pedagogic-barem.pdf,54415,b0ab1ee3276be22b2f2a15ff840ecb310e0d4077ba56b9fae6d79e9349958246
2013,matematica,Matematica,sesiune-iunie-iulie,Sesiunea iunie-iulie,subiect,2013-iunie-iulie-pedagogic-subiect.pdf,bac/2013/matematica/sesiune-iunie-iulie/2013-iunie-iulie-pedagogic-subiect.pdf,50954,a602aba87db317198d94cd401e348101ae88a7ed4a5288f33e0f2db3ce498a3b
2013,matematica,Matematica,sesiune-iunie-iulie,Sesiunea iunie-iulie,barem,2013-iunie-iulie-stiinte-naturii-barem.pdf,bac/2013/matematica/sesiune-iunie-iulie/2013-iunie-iulie-stiinte-naturii-barem.pdf,60257,5f1f0a85b96317e2dbac6fd1f400ab383aae766f09866d4493c6f36cb2f29a28
2013,matematica,Matematica,sesiune-iunie-iulie,Sesiunea iunie-iulie,subiect,2013-iunie-iulie-stiinte-naturii-subiect.pdf,bac/2013/matematica/sesiune-iunie-iulie/2013-iunie-iulie-stiinte-naturii-subiect.pdf,52370,0dde3b0851945582f8f282a69da7fa6353838dfc2a4670d4b520eb7ae47705fa
2013,matematica,Matematica,sesiune-iunie-iulie,Sesiunea iunie-iulie,barem,2013-iunie-iulie-tehnologic-barem.pdf,bac/2013/matematica/sesiune-iunie-iulie/2013-iunie-iulie-tehnologic-barem.pdf,56962,b03d4388ebdd0c94d80d3aa11f3c5b122a3195c09490677a4cfe84872bec7b99
2013,matematica,Matematica,sesiune-iunie-iulie,Sesiunea iunie-iulie,subiect,2013-iunie-iulie-tehnologic-subiect.pdf,bac/2013/matematica/sesiune-iunie-iulie/2013-iunie-iulie-tehnologic-subiect.pdf,51281,ad3d4a5a26a57a471ff23eb2cf47231cfe200bc016f3e570d859abb6ee67ac7f
2013,matematica,Matematica,sesiune-speciala,Sesiunea speciala,barem,2013-speciala-mate-info-barem.pdf,bac/2013/matematica/sesiune-speciala/2013-speciala-mate-info-barem.pdf,139939,2dfaeeec81fa8e386ac083e8e46d6812ce9a9056529abcdc0cc686c829a784cc
2013,matematica,Matematica,sesiune-speciala,Sesiunea speciala,subiect,2013-speciala-mate-info-subiect.pdf,bac/2013/matematica/sesiune-speciala/2013-speciala-mate-info-subiect.pdf,106456,8ca65a5402fa44f1b5dbc872179cdd43b9d1bfd80f2a82031076d7d634c5235d
2013,matematica,Matematica,sesiune-speciala,Sesiunea speciala,barem,2013-speciala-stiinte-naturii-barem.pdf,bac/2013/matematica/sesiune-speciala/2013-speciala-stiinte-naturii-barem.pdf,118024,ae0fcfa80b990b60a05449afa7ebc5c8d334b9ada47f22ca313140022bec56c4
2013,matematica,Matematica,sesiune-speciala,Sesiunea speciala,subiect,2013-speciala-stiinte-naturii-subiect.pdf,bac/2013/matematica/sesiune-speciala/2013-speciala-stiinte-naturii-subiect.pdf,105749,9f91aeef6cf58cc56ada612825d421b580820854553c171ac35aee9c226863bf
2013,matematica,Matematica,sesiune-speciala,Sesiunea speciala,barem,2013-speciala-tehnologic-barem.pdf,bac/2013/matematica/sesiune-speciala/2013-speciala-tehnologic-barem.pdf,131073,527ef6a9571236f64f0e8e5377b11992d8638980e664fb832694e90d83f1cfc9
2013,matematica,Matematica,sesiune-speciala,Sesiunea speciala,subiect,2013-speciala-tehnologic-subiect.pdf,bac/2013/matematica/sesiune-speciala/2013-speciala-tehnologic-subiect.pdf,102984,0a46ab0f61a5cc4a3906c4eab9e64b0e5e4132b0b6d28455480ff38b7ebba33f
2014,matematica,Matematica,sesiune-iunie-iulie,Sesiunea iunie-iulie,barem,2014-iunie-iulie-mate-info-barem.pdf,bac/2014/matematica/sesiune-iunie-iulie/2014-iunie-iulie-mate-info-barem.pdf,63546,a1a278edb1a9733b2a803b2333525362e01895dcbe2383e638b092bd91c51bc8
2014,matematica,Matematica,sesiune-iunie-iulie,Sesiunea iunie-iulie,subiect,2014-iunie-iulie-mate-info-subiect.pdf,bac/2014/matematica/sesiune-iunie-iulie/2014-iunie-iulie-mate-info-subiect.pdf,54772,8483bdf4bfdfc794c4bb6ecde98211123cf9cf95737c1f6c2625dd54db5eb9bb
2014,matematica,Matematica,sesiune-iunie-iulie,Sesiunea iunie-iulie,barem,2014-iunie-iulie-pedagogic-barem.pdf,bac/2014/matematica/sesiune-iunie-iulie/2014-iunie-iulie-pedagogic-barem.pdf,57728,f414cae3331cc8f8e5b4616c386f1aa1c5da8ee0cdf296566419ac0970910f2b
2014,matematica,Matematica,sesiune-iunie-iulie,Sesiunea iunie-iulie,subiect,2014-iunie-iulie-pedagogic-subiect.pdf,bac/2014/matematica/sesiune-iunie-iulie/2014-iunie-iulie-pedagogic-subiect.pdf,55188,7b607630c1ac789557fc7cadb7cdec35b9f7576aa1f09eeda6471549d761b9b2
2014,matematica,Matematica,sesiune-iunie-iulie,Sesiunea iunie-iulie,barem,2014-iunie-iulie-stiinte-naturii-barem.pdf,bac/2014/matematica/sesiune-iunie-iulie/2014-iunie-iulie-stiinte-naturii-barem.pdf,63258,00ec62c56d4de2a793f4852a8c40efd69c6c238dcbcd5b8210378d4b2f89ac0d
2014,matematica,Matematica,sesiune-iunie-iulie,Sesiunea iunie-iulie,subiect,2014-iunie-iulie-stiinte-naturii-subiect.pdf,bac/2014/matematica/sesiune-iunie-iulie/2014-iunie-iulie-stiinte-naturii-subiect.pdf,55408,46ec9e4b5550c71a5ebfd795dd82810e85ea4ac893eca153d5dbaf47101861de
2014,matematica,Matematica,sesiune-iunie-iulie,Sesiunea iunie-iulie,barem,2014-iunie-iulie-tehnologic-barem.pdf,bac/2014/matematica/sesiune-iunie-iulie/2014-iunie-iulie-tehnologic-barem.pdf,58721,c30d555156b230b57358d3713d89c2627db5c83dfb9abc675dd580a7cca22c7b
2014,matematica,Matematica,sesiune-iunie-iulie,Sesiunea iunie-iulie,subiect,2014-iunie-iulie-tehnologic-subiect.pdf,bac/2014/matematica/sesiune-iunie-iulie/2014-iunie-iulie-tehnologic-subiect.pdf,53012,6054f200d91d41d1b1502e94ec0ecd4615b65177824133594f5024bfcd7ae71a
2014,matematica,Matematica,simulare,Simulare,barem,2014-simulare-mate-info-barem.pdf,bac/2014/matematica/simulare/2014-simulare-mate-info-barem.pdf,62196,62828d4cbc084e64b4ee56be8d8f11991832178b1a995f110f3ead4241431d9a
2014,matematica,Matematica,simulare,Simulare,subiect,2014-simulare-mate-info-subiect.pdf,bac/2014/matematica/simulare/2014-simulare-mate-info-subiect.pdf,55188,55716d285ea571da0b2d0dc2743283cbf005b8ff905a2aa0bc169f40df1bd15d
2014,matematica,Matematica,simulare,Simulare,barem,2014-simulare-pedagogic-barem.pdf,bac/2014/matematica/simulare/2014-simulare-pedagogic-barem.pdf,58976,a649f8f5676c66fecc669903d38004053e59ac1686011deb52c77e3284a1a7a9
2014,matematica,Matematica,simulare,Simulare,subiect,2014-simulare-pedagogic-subiect.pdf,bac/2014/matematica/simulare/2014-simulare-pedagogic-subiect.pdf,53302,1dc87d4798600edcdd2ffd9effc7625103973660f455213bb3b490b74ce0416b
2014,matematica,Matematica,simulare,Simulare,barem,2014-simulare-stiinte-naturii-barem.pdf,bac/2014/matematica/simulare/2014-simulare-stiinte-naturii-barem.pdf,62964,46680387568356263bd266a3370ff7b9283790b62bf31959bc8bd5b432998da3
2014,matematica,Matematica,simulare,Simulare,subiect,2014-simulare-stiinte-naturii-subiect.pdf,bac/2014/matematica/simulare/2014-simulare-stiinte-naturii-subiect.pdf,53085,bf8f808255b7cab60b908ee857d35b8f8cf8f66bc90d4c4badf59bfc37259028
2014,matematica,Matematica,simulare,Simulare,barem,2014-simulare-tehnologic-barem.pdf,bac/2014/matematica/simulare/2014-simulare-tehnologic-barem.pdf,59103,e9c41c15963966c05a544712395fd85cd25bf58f887e7c9780388cf78d272609
2014,matematica,Matematica,simulare,Simulare,subiect,2014-simulare-tehnologic-subiect.pdf,bac/2014/matematica/simulare/2014-simulare-tehnologic-subiect.pdf,53121,fe3590618d5a4891f8705ff9b8039f2fc031b505baba59fb1d3047e55c0005a1
2015,matematica,Matematica,sesiune-iunie-iulie,Sesiunea iunie-iulie,barem,2015-iunie-iulie-mate-info-barem.pdf,bac/2015/matematica/sesiune-iunie-iulie/2015-iunie-iulie-mate-info-barem.pdf,63978,167716ca0cdb5f0cb3cb6e1666482223c526c5b718c41c1e15a108ba38a93cd3
2015,matematica,Matematica,sesiune-iunie-iulie,Sesiunea iunie-iulie,subiect,2015-iunie-iulie-mate-info-subiect.pdf,bac/2015/matematica/sesiune-iunie-iulie/2015-iunie-iulie-mate-info-subiect.pdf,56299,cfc1862bc6a1b61977007fc8671eda932881011f538b4ceeb1a48bc7e2a4a986
2015,matematica,Matematica,sesiune-iunie-iulie,Sesiunea iunie-iulie,barem,2015-iunie-iulie-pedagogic-barem.pdf,bac/2015/matematica/sesiune-iunie-iulie/2015-iunie-iulie-pedagogic-barem.pdf,61932,c0adeb3447ef95d196b061f87690a065a796f6c3f5d6f16b56b44965df7eedee
2015,matematica,Matematica,sesiune-iunie-iulie,Sesiunea iunie-iulie,subiect,2015-iunie-iulie-pedagogic-subiect.pdf,bac/2015/matematica/sesiune-iunie-iulie/2015-iunie-iulie-pedagogic-subiect.pdf,53336,95f65d0027ff75a7a830f020cdf5908df069a0cb271f80b95b3642780c4dba34
2015,matematica,Matematica,sesiune-iunie-iulie,Sesiunea iunie-iulie,barem,2015-iunie-iulie-stiinte-naturii-barem.pdf,bac/2015/matematica/sesiune-iunie-iulie/2015-iunie-iulie-stiinte-naturii-barem.pdf,62543,8c36723fd741e9564902c13d2f2d5921ddad075062ccc5a6f4af2f7311052cd3
2015,matematica,Matematica,sesiune-iunie-iulie,Sesiunea iunie-iulie,subiect,2015-iunie-iulie-stiinte-naturii-subiect.pdf,bac/2015/matematica/sesiune-iunie-iulie/2015-iunie-iulie-stiinte-naturii-subiect.pdf,56277,8d8281387a7a7ce829d4919078b95d83977f638f1e8062c2f149178270e58af9
2015,matematica,Matematica,sesiune-iunie-iulie,Sesiunea iunie-iulie,barem,2015-iunie-iulie-tehnologic-barem.pdf,bac/2015/matematica/sesiune-iunie-iulie/2015-iunie-iulie-tehnologic-barem.pdf,61234,b7d1033ea61a244c269a9131fd9a8aab89599e42229d00463602f702a76128ae
2015,matematica,Matematica,sesiune-iunie-iulie,Sesiunea iunie-iulie,subiect,2015-iunie-iulie-tehnologic-subiect.pdf,bac/2015/matematica/sesiune-iunie-iulie/2015-iunie-iulie-tehnologic-subiect.pdf,55751,1a59e7ce1b9ba710a87dd7334ce271740ce6423d5d3dc121e2719b844bb3a353
2015,matematica,Matematica,simulare,Simulare,barem,2015-simulare-mate-info-barem.pdf,bac/2015/matematica/simulare/2015-simulare-mate-info-barem.pdf,65239,e9f54aaf0d65a5368775934c704956159f514328567a864c01a84a702bc4f687
2015,matematica,Matematica,simulare,Simulare,subiect,2015-simulare-mate-info-subiect.pdf,bac/2015/matematica/simulare/2015-simulare-mate-info-subiect.pdf,55903,8297b87ebfdbd132ac9cb44c9a1086637223f3ccd348dcf12a2cbce56725fe07
2015,matematica,Matematica,simulare,Simulare,barem,2015-simulare-pedagogic-barem.pdf,bac/2015/matematica/simulare/2015-simulare-pedagogic-barem.pdf,61511,8a2779baeb358ca1dd52657413d56bd7974cc1d4e8d9d5d5564b4e5fa0657570
2015,matematica,Matematica,simulare,Simulare,subiect,2015-simulare-pedagogic-subiect.pdf,bac/2015/matematica/simulare/2015-simulare-pedagogic-subiect.pdf,55102,0befa4a4dbec59bfee89565486a9ded0943426694060ea70e9c915c5538d66fa
2015,matematica,Matematica,simulare,Simulare,barem,2015-simulare-stiinte-naturii-barem.pdf,bac/2015/matematica/simulare/2015-simulare-stiinte-naturii-barem.pdf,63925,9af507950197d3abd7030da80994036079331062110879a40ff084ce0343e654
2015,matematica,Matematica,simulare,Simulare,subiect,2015-simulare-stiinte-naturii-subiect.pdf,bac/2015/matematica/simulare/2015-simulare-stiinte-naturii-subiect.pdf,55251,9f04dd2dde4acb440b0e479e041bc37298202ddd255a44176375212372f4948b
2015,matematica,Matematica,simulare,Simulare,barem,2015-simulare-tehnologic-barem.pdf,bac/2015/matematica/simulare/2015-simulare-tehnologic-barem.pdf,60413,f97a7344a736ec6e613a300076d5caf443b493a3e7fd6d9610cb4cc249cc2ae8
2015,matematica,Matematica,simulare,Simulare,subiect,2015-simulare-tehnologic-subiect.pdf,bac/2015/matematica/simulare/2015-simulare-tehnologic-subiect.pdf,53658,0bd8c05ef7f1c90ac68d341a85afc9afc4f3d019d2dda10d5460a45c12cdb8c2
2016,matematica,Matematica,sesiune-speciala,Sesiunea speciala,barem,2016-speciala-mate-info-barem.pdf,bac/2016/matematica/sesiune-speciala/2016-speciala-mate-info-barem.pdf,66416,72e4a2ba816c2f5a7fdd0571086104efd07c56535a2e221f99a4ab69e4cf46dc
2016,matematica,Matematica,sesiune-speciala,Sesiunea speciala,subiect,2016-speciala-mate-info-subiect.pdf,bac/2016/matematica/sesiune-speciala/2016-speciala-mate-info-subiect.pdf,56929,4386d44caadaaea7b296239adc62506be768c9460c778b2846055d5075aea70e
2016,matematica,Matematica,sesiune-speciala,Sesiunea speciala,barem,2016-speciala-stiinte-naturii-barem.pdf,bac/2016/matematica/sesiune-speciala/2016-speciala-stiinte-naturii-barem.pdf,63834,aa1c138b72ad7f0e0b97062d7a33f7635c0fb983e010d99359e37652c4365fad
2016,matematica,Matematica,sesiune-speciala,Sesiunea speciala,subiect,2016-speciala-stiinte-naturii-subiect.pdf,bac/2016/matematica/sesiune-speciala/2016-speciala-stiinte-naturii-subiect.pdf,56988,dcec4270eefe032b00e25896b7599432757719485f63790368e26f2e0bba506e
2016,matematica,Matematica,sesiune-speciala,Sesiunea speciala,barem,2016-speciala-tehnologic-barem.pdf,bac/2016/matematica/sesiune-speciala/2016-speciala-tehnologic-barem.pdf,60591,8013517dd62b7e6c666a03e3b85395737ad94566d9a18cb2260e6acfdbefa1a4
2016,matematica,Matematica,sesiune-speciala,Sesiunea speciala,subiect,2016-speciala-tehnologic-subiect.pdf,bac/2016/matematica/sesiune-speciala/2016-speciala-tehnologic-subiect.pdf,55054,90b5dbd6b5aee66e3b926073be5716bc6a0fdabd36beb9fac6084afbf7bf1b2b
2016,matematica,Matematica,simulare,Simulare,barem,2016-simulare-mate-info-barem.pdf,bac/2016/matematica/simulare/2016-simulare-mate-info-barem.pdf,67388,391629b41668d49abb11bb523ae8b8ccd54384e7bf57b5f3dbddd74bfb19ceb2
2016,matematica,Matematica,simulare,Simulare,subiect,2016-simulare-mate-info-subiect.pdf,bac/2016/matematica/simulare/2016-simulare-mate-info-subiect.pdf,59939,eaf939f57c390b802e8dc459eb6579f4484dc8f0dc171cea5da951c9c33adf8f
2016,matematica,Matematica,simulare,Simulare,barem,2016-simulare-stiinte-naturii-barem.pdf,bac/2016/matematica/simulare/2016-simulare-stiinte-naturii-barem.pdf,70132,5276ba90dda6845c0c4c643205f8a7d6866d61c2369753be0f7f67c6f6a49d19
2016,matematica,Matematica,simulare,Simulare,subiect,2016-simulare-stiinte-naturii-subiect.pdf,bac/2016/matematica/simulare/2016-simulare-stiinte-naturii-subiect.pdf,58677,b3b0d79347bf64b7a13a8b7c45ad2dcd604498c7f11ccb4a4e0029e95188ac4f
2017,matematica,Matematica,simulare,Simulare,barem,2017-simulare-mate-info-barem.pdf,bac/2017/matematica/simulare/2017-simulare-mate-info-barem.pdf,73657,6116155b58c6b8ccc63c763972c540b3b79a5a123c39f10c4d6cd6a47f6a9e32
2017,matematica,Matematica,simulare,Simulare,subiect,2017-simulare-mate-info-subiect.pdf,bac/2017/matematica/simulare/2017-simulare-mate-info-subiect.pdf,59894,e9b992a47870ceef19fdbba459b404b5908de04134fe3b41eff1fe9291a6db6a
2017,matematica,Matematica,simulare,Simulare,barem,2017-simulare-stiinte-naturii-barem.pdf,bac/2017/matematica/simulare/2017-simulare-stiinte-naturii-barem.pdf,66715,7bd95aa7b592017c9554f56c240a02ca05c6c51f636d0cd5bc490d45ea958077
2017,matematica,Matematica,simulare,Simulare,subiect,2017-simulare-stiinte-naturii-subiect.pdf,bac/2017/matematica/simulare/2017-simulare-stiinte-naturii-subiect.pdf,56436,d27defe4205d9bfecc4f902c2b7dcfbd4ece91d71f2404f2b28666fa7beee11f
2018,matematica,Matematica,simulare,Simulare,barem,2018-simulare-mate-info-barem.pdf,bac/2018/matematica/simulare/2018-simulare-mate-info-barem.pdf,71759,e8342344254a0cfacc43885507c975b9186e34c2f58e8688276a79b5ba8eac75
2018,matematica,Matematica,simulare,Simulare,subiect,2018-simulare-mate-info-subiect.pdf,bac/2018/matematica/simulare/2018-simulare-mate-info-subiect.pdf,59112,4f9e400b4653d429ee2f692f311a8b0c63b40b7800591bdb6cf4c4282c0d0f86
2018,matematica,Matematica,simulare,Simulare,barem,2018-simulare-pedagogic-barem.pdf,bac/2018/matematica/simulare/2018-simulare-pedagogic-barem.pdf,60925,45cc62a742bcbaa9886d85b072cc227eb47591156604a9d02062dd8c75f0e3c4
2018,matematica,Matematica,simulare,Simulare,subiect,2018-simulare-pedagogic-subiect.pdf,bac/2018/matematica/simulare/2018-simulare-pedagogic-subiect.pdf,53130,24fdac807967de746d2f1c06fecb0222e5888b51bfcf59af0bfa1a68a558a910
2018,matematica,Matematica,simulare,Simulare,barem,2018-simulare-stiinte-naturii-barem.pdf,bac/2018/matematica/simulare/2018-simulare-stiinte-naturii-barem.pdf,66758,3c7fcddb77f089e035b9e66ea310b56dff00d6e0eb53076536892974f214eb4c
2018,matematica,Matematica,simulare,Simulare,subiect,2018-simulare-stiinte-naturii-subiect.pdf,bac/2018/matematica/simulare/2018-simulare-stiinte-naturii-subiect.pdf,57075,390d2a9e6010c6450ec23a1e67975a4336ede482052f6045961ba27a3b6891ad
2018,matematica,Matematica,simulare,Simulare,barem,2018-simulare-tehnologic-barem.pdf,bac/2018/matematica/simulare/2018-simulare-tehnologic-barem.pdf,62373,300670aa7105dfd731c926c775424b06d81136c997c9f1939e75497af5a43090
2018,matematica,Matematica,simulare,Simulare,subiect,2018-simulare-tehnologic-subiect.pdf,bac/2018/matematica/simulare/2018-simulare-tehnologic-subiect.pdf,53058,706d844d402f221b6a23f870ce732ba4f86bd6aa6b8245b0d4da74943412024b
2019,matematica,Matematica,rezerva-august,Rezerva august,barem,2019-august-rezerva-tehnologic-barem.pdf,bac/2019/matematica/rezerva-august/2019-august-rezerva-tehnologic-barem.pdf,149367,5107d95883ba7e3ffa9d85ff7b2c7a9bead78e25242e2a65b9d5c7ec9f7b50e2
2019,matematica,Matematica,rezerva-august,Rezerva august,subiect,2019-august-rezerva-tehnologic-subiect.pdf,bac/2019/matematica/rezerva-august/2019-august-rezerva-tehnologic-subiect.pdf,109562,73d2495338d83f3c4d799c1aefba72c042ba2a3b73d779e76a5565a81a22e24e
2019,matematica,Matematica,rezerva-iunie-iulie,Rezerva iunie-iulie,barem,2019-iunie-iulie-rezerva-mate-info-barem.pdf,bac/2019/matematica/rezerva-iunie-iulie/2019-iunie-iulie-rezerva-mate-info-barem.pdf,162147,9f6a713fd4eff7963dec0c50c035c349f1fc339ca692fd337f0af54c4f8bc7bb
2019,matematica,Matematica,rezerva-iunie-iulie,Rezerva iunie-iulie,subiect,2019-iunie-iulie-rezerva-mate-info-subiect.pdf,bac/2019/matematica/rezerva-iunie-iulie/2019-iunie-iulie-rezerva-mate-info-subiect.pdf,128360,0d51ba7dd5ec46ebfea1c441215f51a93efc705a56417158de21cc98f67f65b2
2019,matematica,Matematica,sesiune-august,Sesiunea august,barem,2019-august-mate-info-barem.pdf,bac/2019/matematica/sesiune-august/2019-august-mate-info-barem.pdf,155530,87be65a535e4b11a9c652b0e7f82b2b0538b735647e938d15d4a5a4409bdb4c6
2019,matematica,Matematica,sesiune-august,Sesiunea august,subiect,2019-august-mate-info-subiect.pdf,bac/2019/matematica/sesiune-august/2019-august-mate-info-subiect.pdf,124925,40c1a595af58739241cece5f5ade9c09c7d9d2c0164283e45a5abc21c943fbf5
2019,matematica,Matematica,sesiune-august,Sesiunea august,barem,2019-august-pedagogic-barem.pdf,bac/2019/matematica/sesiune-august/2019-august-pedagogic-barem.pdf,141978,61b4039c32cc5401d9e7c34dc23eb6e4f8a7c8311ce3491f534daa7b50eee80c
2019,matematica,Matematica,sesiune-august,Sesiunea august,subiect,2019-august-pedagogic-subiect.pdf,bac/2019/matematica/sesiune-august/2019-august-pedagogic-subiect.pdf,109419,1ce315b500ae93193b132a33ca7f38c5b5538484555eaebac3bc46b8ff390b90
2019,matematica,Matematica,sesiune-august,Sesiunea august,barem,2019-august-stiinte-naturii-barem.pdf,bac/2019/matematica/sesiune-august/2019-august-stiinte-naturii-barem.pdf,147972,c713ddfa84c86142870b2fbfa05d9549762375197c8f497b801a0052d3ba6569
2019,matematica,Matematica,sesiune-august,Sesiunea august,subiect,2019-august-stiinte-naturii-subiect.pdf,bac/2019/matematica/sesiune-august/2019-august-stiinte-naturii-subiect.pdf,111443,ed5df341bbd3ed61015fdcf42d1784f2c04184daaad77058bdd511b1b836ef67
2019,matematica,Matematica,sesiune-august,Sesiunea august,barem,2019-august-tehnologic-barem.pdf,bac/2019/matematica/sesiune-august/2019-august-tehnologic-barem.pdf,153133,aecaf94437a958bc88ecf6fc8edf409e33efcf517f9edc9d093ea3a21c4eb34e
2019,matematica,Matematica,sesiune-august,Sesiunea august,subiect,2019-august-tehnologic-subiect.pdf,bac/2019/matematica/sesiune-august/2019-august-tehnologic-subiect.pdf,107242,873e684b5eccc01b77fac3028eaf14bf4fe2a6ee992a3d3d3daf8d89cb5be9ea
2019,matematica,Matematica,sesiune-iunie-iulie,Sesiunea iunie-iulie,barem,2019-iunie-iulie-mate-info-barem.pdf,bac/2019/matematica/sesiune-iunie-iulie/2019-iunie-iulie-mate-info-barem.pdf,157905,ee0e5131e44cadb0a601b00de5f55554661ec8b7d6d65444569866d4a49c452c
2019,matematica,Matematica,sesiune-iunie-iulie,Sesiunea iunie-iulie,subiect,2019-iunie-iulie-mate-info-subiect.pdf,bac/2019/matematica/sesiune-iunie-iulie/2019-iunie-iulie-mate-info-subiect.pdf,127157,cd61bdc5cef1756843a3d8fa6236c3614f80d587893ec7391e25085cf659b3b7
2019,matematica,Matematica,sesiune-iunie-iulie,Sesiunea iunie-iulie,barem,2019-iunie-iulie-pedagogic-barem.pdf,bac/2019/matematica/sesiune-iunie-iulie/2019-iunie-iulie-pedagogic-barem.pdf,127004,941dd6c140b9d19dcd9e9fcc19d36219bd66b754dabe7f9a76bb3a3c335b75a5
2019,matematica,Matematica,sesiune-iunie-iulie,Sesiunea iunie-iulie,subiect,2019-iunie-iulie-pedagogic-subiect.pdf,bac/2019/matematica/sesiune-iunie-iulie/2019-iunie-iulie-pedagogic-subiect.pdf,108574,5dcd1e4781dec2d7ad9db29769bd5a172b1a54e5b7b4a1f5f54cd6c1bacb07bd
2019,matematica,Matematica,sesiune-iunie-iulie,Sesiunea iunie-iulie,barem,2019-iunie-iulie-stiinte-naturii-barem.pdf,bac/2019/matematica/sesiune-iunie-iulie/2019-iunie-iulie-stiinte-naturii-barem.pdf,158281,bf5a509718461a7b644ca6145783e44fe5dfe8706023bdd568360de1fc9a42ac
2019,matematica,Matematica,sesiune-iunie-iulie,Sesiunea iunie-iulie,subiect,2019-iunie-iulie-stiinte-naturii-subiect.pdf,bac/2019/matematica/sesiune-iunie-iulie/2019-iunie-iulie-stiinte-naturii-subiect.pdf,121382,5efc8212321894c4286bbdd65e7cddff7620945e26cacd1efafcdb4778a8d360
2019,matematica,Matematica,sesiune-iunie-iulie,Sesiunea iunie-iulie,barem,2019-iunie-iulie-tehnologic-barem.pdf,bac/2019/matematica/sesiune-iunie-iulie/2019-iunie-iulie-tehnologic-barem.pdf,149680,0d4e52e12d2f9c41af1e733afa1bc0a82c830d6cae73bb0365de2e245076c596
2019,matematica,Matematica,sesiune-iunie-iulie,Sesiunea iunie-iulie,subiect,2019-iunie-iulie-tehnologic-subiect.pdf,bac/2019/matematica/sesiune-iunie-iulie/2019-iunie-iulie-tehnologic-subiect.pdf,114774,a13e2ab27dde215f67625abf6425c787424c222a0e4d54eeeed360a2f680a647
2019,matematica,Matematica,sesiune-speciala,Sesiunea speciala,barem,2019-speciala-mate-info-barem.pdf,bac/2019/matematica/sesiune-speciala/2019-speciala-mate-info-barem.pdf,153726,504f97d3189c0e1be4a11ebab4378ef62f18b965ce93a5d6540a981ba1a8be10
2019,matematica,Matematica,sesiune-speciala,Sesiunea speciala,subiect,2019-speciala-mate-info-subiect.pdf,bac/2019/matematica/sesiune-speciala/2019-speciala-mate-info-subiect.pdf,123455,20b2dedbb39d096d3f5039aa2ca2714fb63b4e7e5890bc3350a7825960e5f893
2019,matematica,Matematica,sesiune-speciala,Sesiunea speciala,barem,2019-speciala-stiinte-naturii-barem.pdf,bac/2019/matematica/sesiune-speciala/2019-speciala-stiinte-naturii-barem.pdf,154047,f8ffb3c27441b2ec1196fecaae2fe57dfe7e839a4507f878958d977675f44f18
2019,matematica,Matematica,sesiune-speciala,Sesiunea speciala,subiect,2019-speciala-stiinte-naturii-subiect.pdf,bac/2019/matematica/sesiune-speciala/2019-speciala-stiinte-naturii-subiect.pdf,119372,b1b3604f047e130f348d7f8f45cafa6f99349f0f259431e5dcda0470cb7d754c
2019,matematica,Matematica,sesiune-speciala,Sesiunea speciala,barem,2019-speciala-tehnologic-barem.pdf,bac/2019/matematica/sesiune-speciala/2019-speciala-tehnologic-barem.pdf,157738,2fde1064b41ea8e935f21c25d067d98715d36f955df87b61fb0fe90ebef4d891
2019,matematica,Matematica,sesiune-speciala,Sesiunea speciala,subiect,2019-speciala-tehnologic-subiect.pdf,bac/2019/matematica/sesiune-speciala/2019-speciala-tehnologic-subiect.pdf,112365,1eadbbe04cdd604a2e5d10ce1907254262d6d2d5289233e466384c61aa1b5da9
2019,matematica,Matematica,simulare,Simulare,barem,2019-simulare-mate-info-barem.pdf,bac/2019/matematica/simulare/2019-simulare-mate-info-barem.pdf,165100,2fc980d004070cec2a4a325b0f319f062ac49144c3d1282d7482e9e584b24bc1
2019,matematica,Matematica,simulare,Simulare,subiect,2019-simulare-mate-info-subiect.pdf,bac/2019/matematica/simulare/2019-simulare-mate-info-subiect.pdf,120526,e54d414222f5648389274b8695d3fd3deece910dd5b63e90ebd87fca27168a35
2019,matematica,Matematica,simulare,Simulare,barem,2019-simulare-stiinte-naturii-barem.pdf,bac/2019/matematica/simulare/2019-simulare-stiinte-naturii-barem.pdf,161791,7c89b534e10a13ac65c792aca6709eba6a0fc13b983968d0360320fd7cf8bf7f
2019,matematica,Matematica,simulare,Simulare,subiect,2019-simulare-stiinte-naturii-subiect.pdf,bac/2019/matematica/simulare/2019-simulare-stiinte-naturii-subiect.pdf,114096,3f2350ed7994f65621a8707c1439194a454f64ef8b543a86dad67abcdd93e574
2020,matematica,Matematica,sesiune-august,Sesiunea august,barem,2020-august-mate-info-barem.pdf,bac/2020/matematica/sesiune-august/2020-august-mate-info-barem.pdf,152857,758d45bfc129deee28b2a6ffdaa21f6d9dea663533c4d70b1e1331124e4d310c
2020,matematica,Matematica,sesiune-august,Sesiunea august,subiect,2020-august-mate-info-subiect.pdf,bac/2020/matematica/sesiune-august/2020-august-mate-info-subiect.pdf,131571,1c24633d0109023e10be67398185d0ef47ee12cd0f28dc2040fe01511c630ee8
2020,matematica,Matematica,sesiune-august,Sesiunea august,barem,2020-august-pedagogic-barem.pdf,bac/2020/matematica/sesiune-august/2020-august-pedagogic-barem.pdf,137289,bf98581edae28f0a4ae77b86714e1be3bf7eb99ab6b85ec008542dbe4d3da892
2020,matematica,Matematica,sesiune-august,Sesiunea august,subiect,2020-august-pedagogic-subiect.pdf,bac/2020/matematica/sesiune-august/2020-august-pedagogic-subiect.pdf,114507,b93b2a1edd436de719e73b2bac5a1189486663315d55524be47802f23a35269f
2020,matematica,Matematica,sesiune-august,Sesiunea august,barem,2020-august-stiinte-naturii-barem.pdf,bac/2020/matematica/sesiune-august/2020-august-stiinte-naturii-barem.pdf,165307,1373bdf746b298d53d92a5d64ffa0e926d968558707893e760a8fd2909d67440
2020,matematica,Matematica,sesiune-august,Sesiunea august,subiect,2020-august-stiinte-naturii-subiect.pdf,bac/2020/matematica/sesiune-august/2020-august-stiinte-naturii-subiect.pdf,120762,7d92ae790cb043f15310ff7a6c7d649a1af668c4dad8a892ca8d0a86befbbb3f
2020,matematica,Matematica,sesiune-august,Sesiunea august,barem,2020-august-tehnologic-barem.pdf,bac/2020/matematica/sesiune-august/2020-august-tehnologic-barem.pdf,146588,9461bf60804a67203feb1adb106d0260f261d36e6bef85d06c504208165be31a
2020,matematica,Matematica,sesiune-august,Sesiunea august,subiect,2020-august-tehnologic-subiect.pdf,bac/2020/matematica/sesiune-august/2020-august-tehnologic-subiect.pdf,107125,14de69c26e46644c59d694115c2583d62688b4b33e5b3579ed990fb0f1ca1e67
2020,matematica,Matematica,sesiune-iunie-iulie,Sesiunea iunie-iulie,barem,2020-iunie-iulie-mate-info-barem.pdf,bac/2020/matematica/sesiune-iunie-iulie/2020-iunie-iulie-mate-info-barem.pdf,167649,94f9c39d5668f5b915d0817c8980d749013e313486b25cecce651c7ce8bc3a9f
2020,matematica,Matematica,sesiune-iunie-iulie,Sesiunea iunie-iulie,subiect,2020-iunie-iulie-mate-info-subiect.pdf,bac/2020/matematica/sesiune-iunie-iulie/2020-iunie-iulie-mate-info-subiect.pdf,119786,31221014d2ccade2e81be42ec026b0b96da4bfc60eb222c9328ac0736de6c024
2020,matematica,Matematica,sesiune-iunie-iulie,Sesiunea iunie-iulie,barem,2020-iunie-iulie-pedagogic-barem.pdf,bac/2020/matematica/sesiune-iunie-iulie/2020-iunie-iulie-pedagogic-barem.pdf,132478,5aa2f22fd8ade0c70630395e73c29159cb278760758c64363ead256abdc9deaf
2020,matematica,Matematica,sesiune-iunie-iulie,Sesiunea iunie-iulie,subiect,2020-iunie-iulie-pedagogic-subiect.pdf,bac/2020/matematica/sesiune-iunie-iulie/2020-iunie-iulie-pedagogic-subiect.pdf,109640,1cab4af428bb27a69094b00fee3d50d9143a04f188f68c9cfca3aa42f6512a65
2020,matematica,Matematica,sesiune-iunie-iulie,Sesiunea iunie-iulie,barem,2020-iunie-iulie-stiinte-naturii-barem.pdf,bac/2020/matematica/sesiune-iunie-iulie/2020-iunie-iulie-stiinte-naturii-barem.pdf,149871,1fede4ceb8caa58a81c5b91a9c58a5feb661717483e45eba2aee28e6846a38cb
2020,matematica,Matematica,sesiune-iunie-iulie,Sesiunea iunie-iulie,subiect,2020-iunie-iulie-stiinte-naturii-subiect.pdf,bac/2020/matematica/sesiune-iunie-iulie/2020-iunie-iulie-stiinte-naturii-subiect.pdf,117080,8cec5468b7b9e9dd2552c098e52a8c9714f49debd5ec56fb50ca3e7c65816fe9
2020,matematica,Matematica,sesiune-iunie-iulie,Sesiunea iunie-iulie,barem,2020-iunie-iulie-tehnologic-barem.pdf,bac/2020/matematica/sesiune-iunie-iulie/2020-iunie-iulie-tehnologic-barem.pdf,143271,c94439a941349c66c46b3451467ce0802eff8dec80489cdcaf75b70a4ff75e89
2020,matematica,Matematica,sesiune-iunie-iulie,Sesiunea iunie-iulie,subiect,2020-iunie-iulie-tehnologic-subiect.pdf,bac/2020/matematica/sesiune-iunie-iulie/2020-iunie-iulie-tehnologic-subiect.pdf,107200,90bfe6e5a95aeea06c330a6e5edad70fbeb252597709fa53bb5af86159bd8f9c
2020,matematica,Matematica,sesiune-speciala,Sesiunea speciala,barem,2020-speciala-mate-info-barem.pdf,bac/2020/matematica/sesiune-speciala/2020-speciala-mate-info-barem.pdf,173725,da7e887f87f065251a614465cc368004aa7e2a2ef58d4dc2326772ecf640ca7a
2020,matematica,Matematica,sesiune-speciala,Sesiunea speciala,subiect,2020-speciala-mate-info-subiect.pdf,bac/2020/matematica/sesiune-speciala/2020-speciala-mate-info-subiect.pdf,129328,5a215edcb5e04b59a29aea84a05da6b6aa8ce42989f95c1a902e726732aeb175
2020,matematica,Matematica,sesiune-speciala,Sesiunea speciala,barem,2020-speciala-pedagogic-barem.pdf,bac/2020/matematica/sesiune-speciala/2020-speciala-pedagogic-barem.pdf,156715,3441696f0a82ef1d14b8a910e6bb0c092909e14560c8838beb6a551bcf0e3d66
2020,matematica,Matematica,sesiune-speciala,Sesiunea speciala,subiect,2020-speciala-pedagogic-subiect.pdf,bac/2020/matematica/sesiune-speciala/2020-speciala-pedagogic-subiect.pdf,116143,cc9d47c88f43dddc63128f6c0e33566d76c858eff961437fef88ed45889d6d8b
2020,matematica,Matematica,sesiune-speciala,Sesiunea speciala,barem,2020-speciala-stiinte-naturii-barem.pdf,bac/2020/matematica/sesiune-speciala/2020-speciala-stiinte-naturii-barem.pdf,146050,4b9d28c41f457fa8f9f7349847ea17695be1422001462e0b3b3aafacae83c97f
2020,matematica,Matematica,sesiune-speciala,Sesiunea speciala,subiect,2020-speciala-stiinte-naturii-subiect.pdf,bac/2020/matematica/sesiune-speciala/2020-speciala-stiinte-naturii-subiect.pdf,114152,b4d90271d320a2a8d64972c649d894d88563d0303a116e64d0a7b842d7100987
2020,matematica,Matematica,sesiune-speciala,Sesiunea speciala,barem,2020-speciala-tehnologic-barem.pdf,bac/2020/matematica/sesiune-speciala/2020-speciala-tehnologic-barem.pdf,144379,f7eb2e6768e72113feb1703535b54be0d05b3f43db600d6f87b3a0da29238e38
2020,matematica,Matematica,sesiune-speciala,Sesiunea speciala,subiect,2020-speciala-tehnologic-subiect.pdf,bac/2020/matematica/sesiune-speciala/2020-speciala-tehnologic-subiect.pdf,106082,88f4c20abc84ed8698a231f4e10bd6a935f37f097642404ddbb234bd0448e5e1
2020,matematica,Matematica,teste-antrenament,Test de antrenament 1,barem,2020-antrenament-01-mate-info-barem.pdf,bac/2020/matematica/teste-antrenament/2020-antrenament-01-mate-info-barem.pdf,437742,e108b60d4e7d33a3324fa299733d451fd861b84ce0e6009f0f71259187ff003d
2020,matematica,Matematica,teste-antrenament,Test de antrenament 1,subiect,2020-antrenament-01-mate-info-subiect.pdf,bac/2020/matematica/teste-antrenament/2020-antrenament-01-mate-info-subiect.pdf,406222,8fa64fac0f9f76d3d0339ba0c0f2115c80ef4c1b27cfdff86e0565a91677ee92
2020,matematica,Matematica,teste-antrenament,Test de antrenament 1,barem,2020-antrenament-01-pedagogic-barem.pdf,bac/2020/matematica/teste-antrenament/2020-antrenament-01-pedagogic-barem.pdf,424127,26f5add61aa1283d77266531d8db0f5ed773bd9ff4191b557197094b9f40f48d
2020,matematica,Matematica,teste-antrenament,Test de antrenament 1,subiect,2020-antrenament-01-pedagogic-subiect.pdf,bac/2020/matematica/teste-antrenament/2020-antrenament-01-pedagogic-subiect.pdf,398724,7943fee7dfa790e83a7b41472def1759c9b9f1550d08ccb9a2746a76d9d7bd61
2020,matematica,Matematica,teste-antrenament,Test de antrenament 1,barem,2020-antrenament-01-stiinte-naturii-barem.pdf,bac/2020/matematica/teste-antrenament/2020-antrenament-01-stiinte-naturii-barem.pdf,436049,bc680c63b0a5a4839aa3181ab3c8470ccc6e27bc0301abf0f9fc78d27832ffae
2020,matematica,Matematica,teste-antrenament,Test de antrenament 1,subiect,2020-antrenament-01-stiinte-naturii-subiect.pdf,bac/2020/matematica/teste-antrenament/2020-antrenament-01-stiinte-naturii-subiect.pdf,411504,97a0b6a7b3187af07ee63929d694c43f944a3e55c636597fd263c73d547def3c
2020,matematica,Matematica,teste-antrenament,Test de antrenament 1,barem,2020-antrenament-01-tehnologic-barem.pdf,bac/2020/matematica/teste-antrenament/2020-antrenament-01-tehnologic-barem.pdf,442160,efef146b5b1662402316e0ceb27d39c02911c43aea30fa9eb49db59c8d094885
2020,matematica,Matematica,teste-antrenament,Test de antrenament 1,subiect,2020-antrenament-01-tehnologic-subiect.pdf,bac/2020/matematica/teste-antrenament/2020-antrenament-01-tehnologic-subiect.pdf,407144,255e96d12256605839a3c419b89c1809b89b87fced02c6153fe3e23d0fcd6033
2020,matematica,Matematica,teste-antrenament,Test de antrenament 2,barem,2020-antrenament-02-mate-info-barem.pdf,bac/2020/matematica/teste-antrenament/2020-antrenament-02-mate-info-barem.pdf,433782,2b63fbdb40857f7ab74d788da9a8566535ff4202151bdd9963b60597f65bfffc
2020,matematica,Matematica,teste-antrenament,Test de antrenament 2,subiect,2020-antrenament-02-mate-info-subiect.pdf,bac/2020/matematica/teste-antrenament/2020-antrenament-02-mate-info-subiect.pdf,415559,a2641e97375001c5bca10d6b084e5123a78bc24e8bc164da7361124474f5386a
2020,matematica,Matematica,teste-antrenament,Test de antrenament 2,barem,2020-antrenament-02-pedagogic-barem.pdf,bac/2020/matematica/teste-antrenament/2020-antrenament-02-pedagogic-barem.pdf,431199,3a09c939e3986f5ddbac6055776a512fd6b3fc5bca46b8933314a2b42b11b288
2020,matematica,Matematica,teste-antrenament,Test de antrenament 2,subiect,2020-antrenament-02-pedagogic-subiect.pdf,bac/2020/matematica/teste-antrenament/2020-antrenament-02-pedagogic-subiect.pdf,408330,3944ec4076df1f22c949fd3ae54a17688d3af7bb40d967754ffd47599dac6282
2020,matematica,Matematica,teste-antrenament,Test de antrenament 2,barem,2020-antrenament-02-stiinte-naturii-barem.pdf,bac/2020/matematica/teste-antrenament/2020-antrenament-02-stiinte-naturii-barem.pdf,426809,6987cbeca257d15c0f0eb89c188745b264cd160b955f1a17e05ca6eddde23738
2020,matematica,Matematica,teste-antrenament,Test de antrenament 2,subiect,2020-antrenament-02-stiinte-naturii-subiect.pdf,bac/2020/matematica/teste-antrenament/2020-antrenament-02-stiinte-naturii-subiect.pdf,403833,0bfbef16873f01b52c748e6b848f5b1b8be2cadf81d388cc043187b4da5f5e7d
2020,matematica,Matematica,teste-antrenament,Test de antrenament 2,barem,2020-antrenament-02-tehnologic-barem.pdf,bac/2020/matematica/teste-antrenament/2020-antrenament-02-tehnologic-barem.pdf,438326,de52f5bb9eb0b90503c77e54e61465da75dfd31de0ab45fe0161723d7d2af6db
2020,matematica,Matematica,teste-antrenament,Test de antrenament 2,subiect,2020-antrenament-02-tehnologic-subiect.pdf,bac/2020/matematica/teste-antrenament/2020-antrenament-02-tehnologic-subiect.pdf,405507,3cb7f223f7c76bfdbfd23915cfbe6d131039859076c09904d0ea206380bb7338
2020,matematica,Matematica,teste-antrenament,Test de antrenament 3,barem,2020-antrenament-03-mate-info-barem.pdf,bac/2020/matematica/teste-antrenament/2020-antrenament-03-mate-info-barem.pdf,435470,ae727681c5f7133d1b50a5e13a0fa64fa4e192d409440d8463b160dd39562130
2020,matematica,Matematica,teste-antrenament,Test de antrenament 3,subiect,2020-antrenament-03-mate-info-subiect.pdf,bac/2020/matematica/teste-antrenament/2020-antrenament-03-mate-info-subiect.pdf,411188,1d7c0d413e5dafe0d4385132da21c8a9b69007bc9d17c07fa16eb53ed86defaa
2020,matematica,Matematica,teste-antrenament,Test de antrenament 3,barem,2020-antrenament-03-pedagogic-barem.pdf,bac/2020/matematica/teste-antrenament/2020-antrenament-03-pedagogic-barem.pdf,424651,b470067aa9c8468d145042d2ad0ece0e4fd66bc30dd97c4a2bc31315c26dc9a8
2020,matematica,Matematica,teste-antrenament,Test de antrenament 3,subiect,2020-antrenament-03-pedagogic-subiect.pdf,bac/2020/matematica/teste-antrenament/2020-antrenament-03-pedagogic-subiect.pdf,406117,568ba1d2f864b08abab0911a04aa2353ae01bb52785ad93c7465138b619deae1
2020,matematica,Matematica,teste-antrenament,Test de antrenament 3,barem,2020-antrenament-03-stiinte-naturii-barem.pdf,bac/2020/matematica/teste-antrenament/2020-antrenament-03-stiinte-naturii-barem.pdf,431901,5594d985d16965ab8c74e3771a78ed9fc51bfe1431c425fa36633d4fcb8e77f2
2020,matematica,Matematica,teste-antrenament,Test de antrenament 3,subiect,2020-antrenament-03-stiinte-naturii-subiect.pdf,bac/2020/matematica/teste-antrenament/2020-antrenament-03-stiinte-naturii-subiect.pdf,405095,04c41f60cde8c2fe34042616830f671144feb230cd105a811e7cdc8f8052ec51
2020,matematica,Matematica,teste-antrenament,Test de antrenament 3,barem,2020-antrenament-03-tehnologic-barem.pdf,bac/2020/matematica/teste-antrenament/2020-antrenament-03-tehnologic-barem.pdf,420125,f951c4d0ccf8b251cee168ebc30b0efe9428a5e07a7c277e9ac25792f8e22f06
2020,matematica,Matematica,teste-antrenament,Test de antrenament 3,subiect,2020-antrenament-03-tehnologic-subiect.pdf,bac/2020/matematica/teste-antrenament/2020-antrenament-03-tehnologic-subiect.pdf,406849,c31cacdcde5cb934bf7bb9c1c80cb5d4db83f4f8ca2ad7e2b3baad1523ddb35a
2020,matematica,Matematica,teste-antrenament,Test de antrenament 4,barem,2020-antrenament-04-mate-info-barem.pdf,bac/2020/matematica/teste-antrenament/2020-antrenament-04-mate-info-barem.pdf,440396,d49f9de1359f6ffaf20c53d3003650b2d51c9be82ba95dab72e9520547b5add1
2020,matematica,Matematica,teste-antrenament,Test de antrenament 4,subiect,2020-antrenament-04-mate-info-subiect.pdf,bac/2020/matematica/teste-antrenament/2020-antrenament-04-mate-info-subiect.pdf,411006,882edf2ef46f1910397d63139713154d3bdf042a9edbfd3f36d8e64201c1c175
2020,matematica,Matematica,teste-antrenament,Test de antrenament 4,barem,2020-antrenament-04-pedagogic-barem.pdf,bac/2020/matematica/teste-antrenament/2020-antrenament-04-pedagogic-barem.pdf,432568,dbab179d9e421327943966a46acd2b4ff7b3aeb978053ecedb7b7b945ee9ae2f
2020,matematica,Matematica,teste-antrenament,Test de antrenament 4,subiect,2020-antrenament-04-pedagogic-subiect.pdf,bac/2020/matematica/teste-antrenament/2020-antrenament-04-pedagogic-subiect.pdf,404729,75cee3e719bfc2883ab3afbdec59e869bfc418a8c763dc85f0bd6fdd7f7cf151
2020,matematica,Matematica,teste-antrenament,Test de antrenament 4,barem,2020-antrenament-04-stiinte-naturii-barem.pdf,bac/2020/matematica/teste-antrenament/2020-antrenament-04-stiinte-naturii-barem.pdf,426777,2bd689024301818b5d51628f941419ba907ead8e8b4d82dd2d4c0d1fff67cdae
2020,matematica,Matematica,teste-antrenament,Test de antrenament 4,subiect,2020-antrenament-04-stiinte-naturii-subiect.pdf,bac/2020/matematica/teste-antrenament/2020-antrenament-04-stiinte-naturii-subiect.pdf,406111,3b6c852c05e17cc5c1145edab71a7c14a5ceef716287a4cef8e0f979d58ab217
2020,matematica,Matematica,teste-antrenament,Test de antrenament 4,barem,2020-antrenament-04-tehnologic-barem.pdf,bac/2020/matematica/teste-antrenament/2020-antrenament-04-tehnologic-barem.pdf,428904,d4c12e51a0772f4bc3ef1db107eb21647460d668207eebd103e469ac54515b0a
2020,matematica,Matematica,teste-antrenament,Test de antrenament 4,subiect,2020-antrenament-04-tehnologic-subiect.pdf,bac/2020/matematica/teste-antrenament/2020-antrenament-04-tehnologic-subiect.pdf,405021,ec174eb56804d295beff7fa938faf032c0a2fd6d30ab20570f86ae5fca8f34eb
2020,matematica,Matematica,teste-antrenament,Test de antrenament 5,barem,2020-antrenament-05-mate-info-barem.pdf,bac/2020/matematica/teste-antrenament/2020-antrenament-05-mate-info-barem.pdf,444653,c7d4e851e396da5044aaf5747f12f69a6584352ec9c8c50c7b3a14e27c6ff772
2020,matematica,Matematica,teste-antrenament,Test de antrenament 5,subiect,2020-antrenament-05-mate-info-subiect.pdf,bac/2020/matematica/teste-antrenament/2020-antrenament-05-mate-info-subiect.pdf,413969,da1530d55a8947e714564a56a3e78746a701e2015b5f710df174110ebcd46f81
2020,matematica,Matematica,teste-antrenament,Test de antrenament 5,barem,2020-antrenament-05-pedagogic-barem.pdf,bac/2020/matematica/teste-antrenament/2020-antrenament-05-pedagogic-barem.pdf,424754,d4b6889684cb10020b410fa90b29deb05f155fa528ea094775e3235557febafe
2020,matematica,Matematica,teste-antrenament,Test de antrenament 5,subiect,2020-antrenament-05-pedagogic-subiect.pdf,bac/2020/matematica/teste-antrenament/2020-antrenament-05-pedagogic-subiect.pdf,404957,f750744c529d54dc26c01a72067037c5e6fea979cd061ba320aa484f2e44a3ab
2020,matematica,Matematica,teste-antrenament,Test de antrenament 5,barem,2020-antrenament-05-stiinte-naturii-barem.pdf,bac/2020/matematica/teste-antrenament/2020-antrenament-05-stiinte-naturii-barem.pdf,437667,95c73d007522a6dc2f59a37cf3797bfd3a6ffc5d738f15da773f67492b3ebd9e
2020,matematica,Matematica,teste-antrenament,Test de antrenament 5,subiect,2020-antrenament-05-stiinte-naturii-subiect.pdf,bac/2020/matematica/teste-antrenament/2020-antrenament-05-stiinte-naturii-subiect.pdf,399828,62db73c587dcd4e8e9f08a03fe4caaaa8f1e4d8a875f11b20a83dda98b8f8297
2020,matematica,Matematica,teste-antrenament,Test de antrenament 5,barem,2020-antrenament-05-tehnologic-barem.pdf,bac/2020/matematica/teste-antrenament/2020-antrenament-05-tehnologic-barem.pdf,437037,e54536228312b8d3152a65e8ec54fa20cada3d0d4719221bb28d83e59d2a1b23
2020,matematica,Matematica,teste-antrenament,Test de antrenament 5,subiect,2020-antrenament-05-tehnologic-subiect.pdf,bac/2020/matematica/teste-antrenament/2020-antrenament-05-tehnologic-subiect.pdf,404318,f4cd03efd6bbe59c3e82bb08135d0e2af53991c1fba99d0d4e77cec4b77eca05
2020,matematica,Matematica,teste-antrenament,Test de antrenament 6,barem,2020-antrenament-06-mate-info-barem.pdf,bac/2020/matematica/teste-antrenament/2020-antrenament-06-mate-info-barem.pdf,452438,23656c2954d5816c1cf25a54b9e06bdce423a592eac9994742d509073bbd658c
2020,matematica,Matematica,teste-antrenament,Test de antrenament 6,subiect,2020-antrenament-06-mate-info-subiect.pdf,bac/2020/matematica/teste-antrenament/2020-antrenament-06-mate-info-subiect.pdf,290888,bb37d754269ad3360f5cbf0f2886750fd79355f62faa7e171241cd12251d4451
2020,matematica,Matematica,teste-antrenament,Test de antrenament 6,barem,2020-antrenament-06-pedagogic-barem.pdf,bac/2020/matematica/teste-antrenament/2020-antrenament-06-pedagogic-barem.pdf,432962,a926657b457c3db70267c4f4b8c4bdf76df9343734275047a8949aa3f57ab699
2020,matematica,Matematica,teste-antrenament,Test de antrenament 6,subiect,2020-antrenament-06-pedagogic-subiect.pdf,bac/2020/matematica/teste-antrenament/2020-antrenament-06-pedagogic-subiect.pdf,400950,cbbd8efc87f36106a30fa8ab6f4868312eeb36c25f34510cd8debd5a51883ed3
2020,matematica,Matematica,teste-antrenament,Test de antrenament 6,barem,2020-antrenament-06-stiinte-naturii-barem.pdf,bac/2020/matematica/teste-antrenament/2020-antrenament-06-stiinte-naturii-barem.pdf,441740,2df6f238d073df687a4b223e5abc1a8f818f3662a8044f60a9f5915ec1f801c3
2020,matematica,Matematica,teste-antrenament,Test de antrenament 6,subiect,2020-antrenament-06-stiinte-naturii-subiect.pdf,bac/2020/matematica/teste-antrenament/2020-antrenament-06-stiinte-naturii-subiect.pdf,418466,ce4b3c5b9bab871088a22d9c802605985ec3df3dde0dba3d4aa463d613f89e67
2020,matematica,Matematica,teste-antrenament,Test de antrenament 6,barem,2020-antrenament-06-tehnologic-barem.pdf,bac/2020/matematica/teste-antrenament/2020-antrenament-06-tehnologic-barem.pdf,423784,18baf164807c97097dce0de7dc7fb089acab424a7a7e7a4e4513fdcea4bd0cdc
2020,matematica,Matematica,teste-antrenament,Test de antrenament 6,subiect,2020-antrenament-06-tehnologic-subiect.pdf,bac/2020/matematica/teste-antrenament/2020-antrenament-06-tehnologic-subiect.pdf,276845,4794b7695d5e534b2da884d399f296c4d784658fc68d426b48da451847585883
2020,matematica,Matematica,teste-antrenament,Test de antrenament 7,barem,2020-antrenament-07-mate-info-barem.pdf,bac/2020/matematica/teste-antrenament/2020-antrenament-07-mate-info-barem.pdf,444417,b8e51cd55113621bdbffde8d36537918f8e273b6a18cb6e1edd047ad1559a186
2020,matematica,Matematica,teste-antrenament,Test de antrenament 7,subiect,2020-antrenament-07-mate-info-subiect.pdf,bac/2020/matematica/teste-antrenament/2020-antrenament-07-mate-info-subiect.pdf,416825,71c15e5e4cfa480f52000f4f07467521790502bc653c5e0dcdd6e543d4cda02c
2020,matematica,Matematica,teste-antrenament,Test de antrenament 7,barem,2020-antrenament-07-pedagogic-barem.pdf,bac/2020/matematica/teste-antrenament/2020-antrenament-07-pedagogic-barem.pdf,434741,a85fc02b741cdcf9c23a82990bae90f768e0fbcc717f49cb2d0671b88901068c
2020,matematica,Matematica,teste-antrenament,Test de antrenament 7,subiect,2020-antrenament-07-pedagogic-subiect.pdf,bac/2020/matematica/teste-antrenament/2020-antrenament-07-pedagogic-subiect.pdf,409641,841d5bb4526d222a095fb585196e0b90f0a2c691c519ff5c7fd5581e301537a9
2020,matematica,Matematica,teste-antrenament,Test de antrenament 7,barem,2020-antrenament-07-stiinte-naturii-barem.pdf,bac/2020/matematica/teste-antrenament/2020-antrenament-07-stiinte-naturii-barem.pdf,423289,40beaa724d0d4c9803f9f085a07aff3b0ae3b6c77272e40342b21203a5f9ca6b
2020,matematica,Matematica,teste-antrenament,Test de antrenament 7,subiect,2020-antrenament-07-stiinte-naturii-subiect.pdf,bac/2020/matematica/teste-antrenament/2020-antrenament-07-stiinte-naturii-subiect.pdf,407982,c2a9c134dab74e9e1cffa627e7387e4ae65d6b05908bbab6e180a70c47da1508
2020,matematica,Matematica,teste-antrenament,Test de antrenament 7,barem,2020-antrenament-07-tehnologic-barem.pdf,bac/2020/matematica/teste-antrenament/2020-antrenament-07-tehnologic-barem.pdf,426234,fcdfb1ec3a6c6cfddaf200b44bf3c0a308de42762662c9c0b43acb297bb9e87f
2020,matematica,Matematica,teste-antrenament,Test de antrenament 7,subiect,2020-antrenament-07-tehnologic-subiect.pdf,bac/2020/matematica/teste-antrenament/2020-antrenament-07-tehnologic-subiect.pdf,406409,b288d051f091fb000d96122df05b290db0ab44aad4fb9bde4c3381430f490b85
2020,matematica,Matematica,teste-antrenament,Test de antrenament 8,barem,2020-antrenament-08-mate-info-barem.pdf,bac/2020/matematica/teste-antrenament/2020-antrenament-08-mate-info-barem.pdf,442273,93b085e478f1889f692d5faebe468255745189d5ceb79b0abec4366630163e81
2020,matematica,Matematica,teste-antrenament,Test de antrenament 8,subiect,2020-antrenament-08-mate-info-subiect.pdf,bac/2020/matematica/teste-antrenament/2020-antrenament-08-mate-info-subiect.pdf,281385,e016dbc8315870c4a80e20c6995c33ec89e4d1e6cc58454a1a1b64c5787d1e7a
2020,matematica,Matematica,teste-antrenament,Test de antrenament 8,barem,2020-antrenament-08-pedagogic-barem.pdf,bac/2020/matematica/teste-antrenament/2020-antrenament-08-pedagogic-barem.pdf,420735,a8eeff77c7ce690c641377861e024d5a9162887fa4d68b64b3d74a9a38e64d29
2020,matematica,Matematica,teste-antrenament,Test de antrenament 8,subiect,2020-antrenament-08-pedagogic-subiect.pdf,bac/2020/matematica/teste-antrenament/2020-antrenament-08-pedagogic-subiect.pdf,404683,b3267108407a9e7fa9483ca06a78900aa0666cb9403c9cb0d138ce4d81a4a809
2020,matematica,Matematica,teste-antrenament,Test de antrenament 8,barem,2020-antrenament-08-stiinte-naturii-barem.pdf,bac/2020/matematica/teste-antrenament/2020-antrenament-08-stiinte-naturii-barem.pdf,450389,f153241b32d27817cb9ab7b81acea5ae13940803cbec27e5db902d018b90f1c0
2020,matematica,Matematica,teste-antrenament,Test de antrenament 8,subiect,2020-antrenament-08-stiinte-naturii-subiect.pdf,bac/2020/matematica/teste-antrenament/2020-antrenament-08-stiinte-naturii-subiect.pdf,280667,769fcee1bd0ea721fca1819f45c110b05fe04d2b2e1497859b20f659e8782d38
2020,matematica,Matematica,teste-antrenament,Test de antrenament 8,barem,2020-antrenament-08-tehnologic-barem.pdf,bac/2020/matematica/teste-antrenament/2020-antrenament-08-tehnologic-barem.pdf,433296,fd1843aebe5a58de32baecd67df7387b00ecb5f814a8e89923b05ee7cf2349ac
2020,matematica,Matematica,teste-antrenament,Test de antrenament 8,subiect,2020-antrenament-08-tehnologic-subiect.pdf,bac/2020/matematica/teste-antrenament/2020-antrenament-08-tehnologic-subiect.pdf,279768,9716f6f9e0c5c9dc89875b987f4e3145406f5f42b2f0233c5d57fc630037177d
2020,matematica,Matematica,teste-antrenament,Test de antrenament 9,barem,2020-antrenament-09-mate-info-barem.pdf,bac/2020/matematica/teste-antrenament/2020-antrenament-09-mate-info-barem.pdf,439401,73960d564829c78b4705f6d83c30fe9683e031200ab272434a3ccbaa805ec983
2020,matematica,Matematica,teste-antrenament,Test de antrenament 9,subiect,2020-antrenament-09-mate-info-subiect.pdf,bac/2020/matematica/teste-antrenament/2020-antrenament-09-mate-info-subiect.pdf,281586,037b620e4651c73352aa81215fefa5ddcd658679783b010f7c471383a12ec328
2020,matematica,Matematica,teste-antrenament,Test de antrenament 9,barem,2020-antrenament-09-pedagogic-barem.pdf,bac/2020/matematica/teste-antrenament/2020-antrenament-09-pedagogic-barem.pdf,433282,bbca4a244d495978c18c9b8502693f3751d3927b00c4095b60b2f6f78d90ec4e
2020,matematica,Matematica,teste-antrenament,Test de antrenament 9,subiect,2020-antrenament-09-pedagogic-subiect.pdf,bac/2020/matematica/teste-antrenament/2020-antrenament-09-pedagogic-subiect.pdf,401639,bac9ec1c93c6ca8b3b444e03a8b82fe773cce50d1aa7169320c2e7eab1bb1d4f
2020,matematica,Matematica,teste-antrenament,Test de antrenament 9,barem,2020-antrenament-09-stiinte-naturii-barem.pdf,bac/2020/matematica/teste-antrenament/2020-antrenament-09-stiinte-naturii-barem.pdf,445325,8eb7de92325bcf94b3b05863d5cc56c0d58893bf8db759bb6aa44c50de6ffb23
2020,matematica,Matematica,teste-antrenament,Test de antrenament 9,subiect,2020-antrenament-09-stiinte-naturii-subiect.pdf,bac/2020/matematica/teste-antrenament/2020-antrenament-09-stiinte-naturii-subiect.pdf,286633,35c94c63d5114084bad8e2109bdc00087f901d44551e8eb59dca455d20c232a3
2020,matematica,Matematica,teste-antrenament,Test de antrenament 9,barem,2020-antrenament-09-tehnologic-barem.pdf,bac/2020/matematica/teste-antrenament/2020-antrenament-09-tehnologic-barem.pdf,433294,df3b38779453ee02e25436854505a4d8193aead3ea844dc9eae0213b9c228d1b
2020,matematica,Matematica,teste-antrenament,Test de antrenament 9,subiect,2020-antrenament-09-tehnologic-subiect.pdf,bac/2020/matematica/teste-antrenament/2020-antrenament-09-tehnologic-subiect.pdf,278769,82f4576b3e2c11ce9b270e3d6dbdc6a026f3ed6168f12f5c7084a4dccb60b00e
2020,matematica,Matematica,teste-antrenament,Test de antrenament 10,barem,2020-antrenament-10-mate-info-barem.pdf,bac/2020/matematica/teste-antrenament/2020-antrenament-10-mate-info-barem.pdf,442185,50c73e41e1a884785692b0032b03bba6f5298d87aaca16483bec7b151b2f4464
2020,matematica,Matematica,teste-antrenament,Test de antrenament 10,subiect,2020-antrenament-10-mate-info-subiect.pdf,bac/2020/matematica/teste-antrenament/2020-antrenament-10-mate-info-subiect.pdf,410572,fe641f63a51e16200f37738346adb5777609c1bc35c02bf36afe8fb6639336b9
2020,matematica,Matematica,teste-antrenament,Test de antrenament 10,barem,2020-antrenament-10-pedagogic-barem.pdf,bac/2020/matematica/teste-antrenament/2020-antrenament-10-pedagogic-barem.pdf,427694,2049396e995404c40a1c3583f2798cf6fa2a57a8cd2b269cbc33fc9e352aacb6
2020,matematica,Matematica,teste-antrenament,Test de antrenament 10,subiect,2020-antrenament-10-pedagogic-subiect.pdf,bac/2020/matematica/teste-antrenament/2020-antrenament-10-pedagogic-subiect.pdf,401202,03c197e0efdfe67039e7bea7488d3539b56c6c0e38d32b8ae6ef61446096295b
2020,matematica,Matematica,teste-antrenament,Test de antrenament 10,barem,2020-antrenament-10-stiinte-naturii-barem.pdf,bac/2020/matematica/teste-antrenament/2020-antrenament-10-stiinte-naturii-barem.pdf,442780,605315c82aa8fdd131db74cded163c11a4645aeb810a5e8e6f163249d5ea99b1
2020,matematica,Matematica,teste-antrenament,Test de antrenament 10,subiect,2020-antrenament-10-stiinte-naturii-subiect.pdf,bac/2020/matematica/teste-antrenament/2020-antrenament-10-stiinte-naturii-subiect.pdf,291690,211287994b9bea97a9114d29ebb9a46e2f106f588cb3b5841d1c7bc1cb216a61
2020,matematica,Matematica,teste-antrenament,Test de antrenament 10,barem,2020-antrenament-10-tehnologic-barem.pdf,bac/2020/matematica/teste-antrenament/2020-antrenament-10-tehnologic-barem.pdf,442492,79035d5202c792e867437ca2ae372c0a2e2b64dbaaf540a6c8dfd849bdd8ac22
2020,matematica,Matematica,teste-antrenament,Test de antrenament 10,subiect,2020-antrenament-10-tehnologic-subiect.pdf,bac/2020/matematica/teste-antrenament/2020-antrenament-10-tehnologic-subiect.pdf,274626,30c3f518a3ba114d7de5bb0edbef5ded481e035a5fec5ca33c1c23e937b6e615
2020,matematica,Matematica,teste-antrenament,Test de antrenament 11,barem,2020-antrenament-11-mate-info-barem.pdf,bac/2020/matematica/teste-antrenament/2020-antrenament-11-mate-info-barem.pdf,442881,ef7c6c11f0e758c023a6445a84e4b088938a01b7ac662ef21d8e8782a6b10354
2020,matematica,Matematica,teste-antrenament,Test de antrenament 11,subiect,2020-antrenament-11-mate-info-subiect.pdf,bac/2020/matematica/teste-antrenament/2020-antrenament-11-mate-info-subiect.pdf,411866,6334cc25b91f3f9846682165a9fb314b881f0319183898dc588dba4a644537cb
2020,matematica,Matematica,teste-antrenament,Test de antrenament 11,barem,2020-antrenament-11-pedagogic-barem.pdf,bac/2020/matematica/teste-antrenament/2020-antrenament-11-pedagogic-barem.pdf,420785,aac5f2fdf662fce2ace369f663e7ae3dfbdbafb01a0ea5d313cf31c2d5670bd6
2020,matematica,Matematica,teste-antrenament,Test de antrenament 11,subiect,2020-antrenament-11-pedagogic-subiect.pdf,bac/2020/matematica/teste-antrenament/2020-antrenament-11-pedagogic-subiect.pdf,402742,128b5ec76755cb24515000974ef0f71a870a2c218b72c5c81e2b6ebb53a5fb76
2020,matematica,Matematica,teste-antrenament,Test de antrenament 11,barem,2020-antrenament-11-stiinte-naturii-barem.pdf,bac/2020/matematica/teste-antrenament/2020-antrenament-11-stiinte-naturii-barem.pdf,438605,dc982c1b384b575db1dcdcb0e6e39ec8543c34c7484f49b54cb799d5a0a10a05
2020,matematica,Matematica,teste-antrenament,Test de antrenament 11,subiect,2020-antrenament-11-stiinte-naturii-subiect.pdf,bac/2020/matematica/teste-antrenament/2020-antrenament-11-stiinte-naturii-subiect.pdf,410481,2b2357a225f52cb74f4c5de1602bb67a91b85f1671078a3b09c7f5d707b4279d
2020,matematica,Matematica,teste-antrenament,Test de antrenament 11,barem,2020-antrenament-11-tehnologic-barem.pdf,bac/2020/matematica/teste-antrenament/2020-antrenament-11-tehnologic-barem.pdf,421649,579bfe34774313d9720da6ec01991c9b15b5f2166177722357a03e2dda7c3049
2020,matematica,Matematica,teste-antrenament,Test de antrenament 11,subiect,2020-antrenament-11-tehnologic-subiect.pdf,bac/2020/matematica/teste-antrenament/2020-antrenament-11-tehnologic-subiect.pdf,403398,5453a151a5cfdf690b51fbc34252660d6e7736fa9bf8a581f9807f9b068d0df6
2020,matematica,Matematica,teste-antrenament,Test de antrenament 12,barem,2020-antrenament-12-mate-info-barem.pdf,bac/2020/matematica/teste-antrenament/2020-antrenament-12-mate-info-barem.pdf,441598,2d16a3b982b7594a53810a431bd8c4f10cb5b393013c3585fd06b1dca918ddf9
2020,matematica,Matematica,teste-antrenament,Test de antrenament 12,subiect,2020-antrenament-12-mate-info-subiect.pdf,bac/2020/matematica/teste-antrenament/2020-antrenament-12-mate-info-subiect.pdf,408917,680bbbeb398475de6bacc4ba2d48872207e07e92890f8ecb062218976eddb5e4
2020,matematica,Matematica,teste-antrenament,Test de antrenament 12,barem,2020-antrenament-12-pedagogic-barem.pdf,bac/2020/matematica/teste-antrenament/2020-antrenament-12-pedagogic-barem.pdf,428029,32e3f0c387e0a3f5f25508a9e597ba487089f2e2188fa2a58f3bd5413896d8f5
2020,matematica,Matematica,teste-antrenament,Test de antrenament 12,subiect,2020-antrenament-12-pedagogic-subiect.pdf,bac/2020/matematica/teste-antrenament/2020-antrenament-12-pedagogic-subiect.pdf,395791,55af67fa0caee24d35eb0a77706498104ffce02d9a195561056a3abc835483d4
2020,matematica,Matematica,teste-antrenament,Test de antrenament 12,barem,2020-antrenament-12-stiinte-naturii-barem.pdf,bac/2020/matematica/teste-antrenament/2020-antrenament-12-stiinte-naturii-barem.pdf,440903,3e6aa0fb8bde9051682a2536a7fa03254327d76df908dbff0596c48676addf94
2020,matematica,Matematica,teste-antrenament,Test de antrenament 12,subiect,2020-antrenament-12-stiinte-naturii-subiect.pdf,bac/2020/matematica/teste-antrenament/2020-antrenament-12-stiinte-naturii-subiect.pdf,409142,5be1af8a3bd16987cf1a512d11c90e38a4b42c567e534a7690b5a0725098e7c4
2020,matematica,Matematica,teste-antrenament,Test de antrenament 12,barem,2020-antrenament-12-tehnologic-barem.pdf,bac/2020/matematica/teste-antrenament/2020-antrenament-12-tehnologic-barem.pdf,428826,10e96f36422b71d03154b6a22ac99ff5c438dd6a997a11a6b7d5f3d9f0167e67
2020,matematica,Matematica,teste-antrenament,Test de antrenament 12,subiect,2020-antrenament-12-tehnologic-subiect.pdf,bac/2020/matematica/teste-antrenament/2020-antrenament-12-tehnologic-subiect.pdf,410655,21661634c144c51d91aadf5777c4c2c5b052d947b51233bb4fc0625776640b5a
2020,matematica,Matematica,teste-antrenament,Test de antrenament 13,barem,2020-antrenament-13-mate-info-barem.pdf,bac/2020/matematica/teste-antrenament/2020-antrenament-13-mate-info-barem.pdf,454746,89e4b2744c760db0d5b9295aeb98608183637160aa51fc987872150bc3951768
2020,matematica,Matematica,teste-antrenament,Test de antrenament 13,subiect,2020-antrenament-13-mate-info-subiect.pdf,bac/2020/matematica/teste-antrenament/2020-antrenament-13-mate-info-subiect.pdf,408948,401d4829d8259b42c22d6f2acf97d380e69c76ab1459d0f8d6854d411193c789
2020,matematica,Matematica,teste-antrenament,Test de antrenament 13,barem,2020-antrenament-13-pedagogic-barem.pdf,bac/2020/matematica/teste-antrenament/2020-antrenament-13-pedagogic-barem.pdf,429650,8855c487e896a24e64d112cf5c7f5cdca161765dfe7c5d6301227cb0d4c0188e
2020,matematica,Matematica,teste-antrenament,Test de antrenament 13,subiect,2020-antrenament-13-pedagogic-subiect.pdf,bac/2020/matematica/teste-antrenament/2020-antrenament-13-pedagogic-subiect.pdf,404091,b1f539032a39091b9c32d4bb9372c1403a45627febc32738125cb0e1ba730280
2020,matematica,Matematica,teste-antrenament,Test de antrenament 13,barem,2020-antrenament-13-stiinte-naturii-barem.pdf,bac/2020/matematica/teste-antrenament/2020-antrenament-13-stiinte-naturii-barem.pdf,444482,f909da5510c1f3445fbf5c550150f597193d189d54e6d0b62a5ee9de3314b61f
2020,matematica,Matematica,teste-antrenament,Test de antrenament 13,subiect,2020-antrenament-13-stiinte-naturii-subiect.pdf,bac/2020/matematica/teste-antrenament/2020-antrenament-13-stiinte-naturii-subiect.pdf,409507,b95f7ed6fd95748e435637914d20d33219ffc48dc656ee4a45e0aba711973c69
2020,matematica,Matematica,teste-antrenament,Test de antrenament 13,barem,2020-antrenament-13-tehnologic-barem.pdf,bac/2020/matematica/teste-antrenament/2020-antrenament-13-tehnologic-barem.pdf,425590,574ecaa7bd726eba983ec10cdbc1f35b84a6d9686b3d48da40b938b000b7da81
2020,matematica,Matematica,teste-antrenament,Test de antrenament 13,subiect,2020-antrenament-13-tehnologic-subiect.pdf,bac/2020/matematica/teste-antrenament/2020-antrenament-13-tehnologic-subiect.pdf,401960,278db22bb30585a0321bddca8aedcdb70a5571239636a29d9c0c4ec76c25a807
2020,matematica,Matematica,teste-antrenament,Test de antrenament 14,barem,2020-antrenament-14-mate-info-barem.pdf,bac/2020/matematica/teste-antrenament/2020-antrenament-14-mate-info-barem.pdf,440595,3b07f8cd3fbe594ba94139b5e7346300ac3d6c0a9be00a2ca47ebd9ce30cb1a9
2020,matematica,Matematica,teste-antrenament,Test de antrenament 14,subiect,2020-antrenament-14-mate-info-subiect.pdf,bac/2020/matematica/teste-antrenament/2020-antrenament-14-mate-info-subiect.pdf,413582,b37925ca64dbcc7967cbc1a19dd24cc0f02e7ef223ea8161b2b69176e6ce6acc
2020,matematica,Matematica,teste-antrenament,Test de antrenament 14,barem,2020-antrenament-14-pedagogic-barem.pdf,bac/2020/matematica/teste-antrenament/2020-antrenament-14-pedagogic-barem.pdf,422649,f6113f6c8115d1be8bfd9d63f68ed54af610f1c5106a1d573739307284fca152
2020,matematica,Matematica,teste-antrenament,Test de antrenament 14,subiect,2020-antrenament-14-pedagogic-subiect.pdf,bac/2020/matematica/teste-antrenament/2020-antrenament-14-pedagogic-subiect.pdf,404771,30fbadb28909484ef833d0cbc51be4c5a98280696b384a12a348e55cf21858d5
2020,matematica,Matematica,teste-antrenament,Test de antrenament 14,barem,2020-antrenament-14-stiinte-naturii-barem.pdf,bac/2020/matematica/teste-antrenament/2020-antrenament-14-stiinte-naturii-barem.pdf,434265,738a86399178e11957bf0c7945e4ee6ec323e09e4fef92f14aa26baeba8251bd
2020,matematica,Matematica,teste-antrenament,Test de antrenament 14,subiect,2020-antrenament-14-stiinte-naturii-subiect.pdf,bac/2020/matematica/teste-antrenament/2020-antrenament-14-stiinte-naturii-subiect.pdf,407248,6b3cc5783296b0f0cc19bd3906c4447e429770146ee8b602f295505aa69f90e4
2020,matematica,Matematica,teste-antrenament,Test de antrenament 14,barem,2020-antrenament-14-tehnologic-barem.pdf,bac/2020/matematica/teste-antrenament/2020-antrenament-14-tehnologic-barem.pdf,423894,2ac5b9fa69c164425cf5ec593874e11e7421deac602e1254ad87d740c8b6c015
2020,matematica,Matematica,teste-antrenament,Test de antrenament 14,subiect,2020-antrenament-14-tehnologic-subiect.pdf,bac/2020/matematica/teste-antrenament/2020-antrenament-14-tehnologic-subiect.pdf,403173,58e5bee7ba5947b8738df89cb77ad9161a6f8c7800fedf8d081d2c5375459ca7
2020,matematica,Matematica,teste-antrenament,Test de antrenament 15,barem,2020-antrenament-15-mate-info-barem.pdf,bac/2020/matematica/teste-antrenament/2020-antrenament-15-mate-info-barem.pdf,449278,4a82998c77d6ca768f753a5f2dd0fe2af898260b88f5f5f06df29bd46e18bec1
2020,matematica,Matematica,teste-antrenament,Test de antrenament 15,subiect,2020-antrenament-15-mate-info-subiect.pdf,bac/2020/matematica/teste-antrenament/2020-antrenament-15-mate-info-subiect.pdf,415717,0cbba276f1b45dafbf27a3af162a78b705a19cfa24cb4ad8b87eb7da855b0c8d
2020,matematica,Matematica,teste-antrenament,Test de antrenament 15,barem,2020-antrenament-15-pedagogic-barem.pdf,bac/2020/matematica/teste-antrenament/2020-antrenament-15-pedagogic-barem.pdf,425507,d0e2ea44b8745d3c676bd53a22e95d76100975d0cc7ffeb15c79dd68d37e928f
2020,matematica,Matematica,teste-antrenament,Test de antrenament 15,subiect,2020-antrenament-15-pedagogic-subiect.pdf,bac/2020/matematica/teste-antrenament/2020-antrenament-15-pedagogic-subiect.pdf,401124,8ea95d3fbef9412ff75cd1ecf2b86f4ea5a4c17fbac870f7205c1b2f11477fa0
2020,matematica,Matematica,teste-antrenament,Test de antrenament 15,barem,2020-antrenament-15-stiinte-naturii-barem.pdf,bac/2020/matematica/teste-antrenament/2020-antrenament-15-stiinte-naturii-barem.pdf,432640,146500585c95c45a6c769897c90a9b86a4e5530f2485c8ff306f128065452f47
2020,matematica,Matematica,teste-antrenament,Test de antrenament 15,subiect,2020-antrenament-15-stiinte-naturii-subiect.pdf,bac/2020/matematica/teste-antrenament/2020-antrenament-15-stiinte-naturii-subiect.pdf,406192,d03fc01471c12d51e29efd4ea04660811c1ce2c70b67d43441ef8e4cb88a26d5
2020,matematica,Matematica,teste-antrenament,Test de antrenament 15,barem,2020-antrenament-15-tehnologic-barem.pdf,bac/2020/matematica/teste-antrenament/2020-antrenament-15-tehnologic-barem.pdf,422361,88b57e934093b40106e155c92d4465cde06cb8723df435cc603fc969121f4f9a
2020,matematica,Matematica,teste-antrenament,Test de antrenament 15,subiect,2020-antrenament-15-tehnologic-subiect.pdf,bac/2020/matematica/teste-antrenament/2020-antrenament-15-tehnologic-subiect.pdf,405405,b0c62c0537ada439671745b7868abd3f05f51c19c100617cf32adef3676ec31b
2020,matematica,Matematica,teste-antrenament,Test de antrenament 16,barem,2020-antrenament-16-mate-info-barem.pdf,bac/2020/matematica/teste-antrenament/2020-antrenament-16-mate-info-barem.pdf,460171,f39506245319b307ede248a810e45d3570d6c0eb49756c76d6762e3387000916
2020,matematica,Matematica,teste-antrenament,Test de antrenament 16,subiect,2020-antrenament-16-mate-info-subiect.pdf,bac/2020/matematica/teste-antrenament/2020-antrenament-16-mate-info-subiect.pdf,420085,a2c22a96a6781c5906919ff39e66c2560d3b98a43ed5db1a4030da7f7869fb4f
2020,matematica,Matematica,teste-antrenament,Test de antrenament 16,barem,2020-antrenament-16-pedagogic-barem.pdf,bac/2020/matematica/teste-antrenament/2020-antrenament-16-pedagogic-barem.pdf,423600,0e6feaa7ad97bb117536d81011f1267b91315bbf0031ce7936379c76f2f918d7
2020,matematica,Matematica,teste-antrenament,Test de antrenament 16,subiect,2020-antrenament-16-pedagogic-subiect.pdf,bac/2020/matematica/teste-antrenament/2020-antrenament-16-pedagogic-subiect.pdf,401149,bc497249d014ed504ab08066748bc4413bb7c5e6a0c226d50f53e3d87e1565b1
2020,matematica,Matematica,teste-antrenament,Test de antrenament 16,barem,2020-antrenament-16-stiinte-naturii-barem.pdf,bac/2020/matematica/teste-antrenament/2020-antrenament-16-stiinte-naturii-barem.pdf,448189,4215a859f945971e68b4ddabd966c85b2060b7a1d8cb8c7c65738817cf31d844
2020,matematica,Matematica,teste-antrenament,Test de antrenament 16,subiect,2020-antrenament-16-stiinte-naturii-subiect.pdf,bac/2020/matematica/teste-antrenament/2020-antrenament-16-stiinte-naturii-subiect.pdf,418703,b270702e196b3d24a9accb9b5851d93acd672642ab25477592535eb186ae4f2a
2020,matematica,Matematica,teste-antrenament,Test de antrenament 16,barem,2020-antrenament-16-tehnologic-barem.pdf,bac/2020/matematica/teste-antrenament/2020-antrenament-16-tehnologic-barem.pdf,430415,1b6def388d116b5b697dfffcf8be3800722d4e142b7ada12bae8b83becf8ed01
2020,matematica,Matematica,teste-antrenament,Test de antrenament 16,subiect,2020-antrenament-16-tehnologic-subiect.pdf,bac/2020/matematica/teste-antrenament/2020-antrenament-16-tehnologic-subiect.pdf,405151,9589c07c9053e7d1535d4892aad7577b10569bf066722324aa0fd217c25bb477
2020,matematica,Matematica,teste-antrenament,Test de antrenament 17,barem,2020-antrenament-17-mate-info-barem.pdf,bac/2020/matematica/teste-antrenament/2020-antrenament-17-mate-info-barem.pdf,437764,2158b54515466a9cd370f712cd03ef6e387c4df0e3a2f988673fde3853fe1bea
2020,matematica,Matematica,teste-antrenament,Test de antrenament 17,subiect,2020-antrenament-17-mate-info-subiect.pdf,bac/2020/matematica/teste-antrenament/2020-antrenament-17-mate-info-subiect.pdf,402858,91309e71d1a653acffa3b0c397d170c434772f923961ffab08c2c40fdf00f5bd
2020,matematica,Matematica,teste-antrenament,Test de antrenament 17,barem,2020-antrenament-17-pedagogic-barem.pdf,bac/2020/matematica/teste-antrenament/2020-antrenament-17-pedagogic-barem.pdf,410257,5b6bffcaf6841114bfc36331d4e516a26953aa577a932946f068feb44fb06c26
2020,matematica,Matematica,teste-antrenament,Test de antrenament 17,subiect,2020-antrenament-17-pedagogic-subiect.pdf,bac/2020/matematica/teste-antrenament/2020-antrenament-17-pedagogic-subiect.pdf,384803,849db589319735abf066f6f210a13d6d40235137e40828fd8d1d4af295cee3ac
2020,matematica,Matematica,teste-antrenament,Test de antrenament 17,barem,2020-antrenament-17-stiinte-naturii-barem.pdf,bac/2020/matematica/teste-antrenament/2020-antrenament-17-stiinte-naturii-barem.pdf,433489,81487d60f6bd9774fc0a16cfa02eba3b11d2891accba71dabe6c7c9b7290598d
2020,matematica,Matematica,teste-antrenament,Test de antrenament 17,subiect,2020-antrenament-17-stiinte-naturii-subiect.pdf,bac/2020/matematica/teste-antrenament/2020-antrenament-17-stiinte-naturii-subiect.pdf,402163,5ffd608601b839bdcba4d1c5559d69861bb37a1144e256d39dbe482439607a9d
2020,matematica,Matematica,teste-antrenament,Test de antrenament 17,barem,2020-antrenament-17-tehnologic-barem.pdf,bac/2020/matematica/teste-antrenament/2020-antrenament-17-tehnologic-barem.pdf,406637,35d4d153cedeb4cee26abef4184e70413357e2b18c2c0062cfa412427c219a70
2020,matematica,Matematica,teste-antrenament,Test de antrenament 17,subiect,2020-antrenament-17-tehnologic-subiect.pdf,bac/2020/matematica/teste-antrenament/2020-antrenament-17-tehnologic-subiect.pdf,393190,fa3c4814c3344ba41f6f6e89b0f61c92850326c23e630b187918fafcde104dd0
2020,matematica,Matematica,teste-antrenament,Test de antrenament 18,barem,2020-antrenament-18-mate-info-barem.pdf,bac/2020/matematica/teste-antrenament/2020-antrenament-18-mate-info-barem.pdf,425235,753685f8655c5aed8d8cf6948507592e5b4d1aa596cac4f487d37bfabe0c3f72
2020,matematica,Matematica,teste-antrenament,Test de antrenament 18,subiect,2020-antrenament-18-mate-info-subiect.pdf,bac/2020/matematica/teste-antrenament/2020-antrenament-18-mate-info-subiect.pdf,399257,5a2970fcfe2ae613d0d4adc2ad959d66f609e7a9aa5302d7fd99100c25d3e1bf
2020,matematica,Matematica,teste-antrenament,Test de antrenament 18,barem,2020-antrenament-18-pedagogic-barem.pdf,bac/2020/matematica/teste-antrenament/2020-antrenament-18-pedagogic-barem.pdf,408367,fd0bea853b9591f9b976b6dca95013f5660c8f499202550fa41737a1bd412f84
2020,matematica,Matematica,teste-antrenament,Test de antrenament 18,subiect,2020-antrenament-18-pedagogic-subiect.pdf,bac/2020/matematica/teste-antrenament/2020-antrenament-18-pedagogic-subiect.pdf,390809,69f0535aff66ddab63a834b804e1701e2f143983deec5d549fa8dbb55ac1ed8f
2020,matematica,Matematica,teste-antrenament,Test de antrenament 18,barem,2020-antrenament-18-stiinte-naturii-barem.pdf,bac/2020/matematica/teste-antrenament/2020-antrenament-18-stiinte-naturii-barem.pdf,428878,809e58eae96ffa4038a78f8bdd754ee6074d0843c1e0197ac7d0f44acc09118d
2020,matematica,Matematica,teste-antrenament,Test de antrenament 18,subiect,2020-antrenament-18-stiinte-naturii-subiect.pdf,bac/2020/matematica/teste-antrenament/2020-antrenament-18-stiinte-naturii-subiect.pdf,404122,1314a819fc354fc4552d1989c9f766587ae68b337a7d79a2334d1c3a069a9424
2020,matematica,Matematica,teste-antrenament,Test de antrenament 18,barem,2020-antrenament-18-tehnologic-barem.pdf,bac/2020/matematica/teste-antrenament/2020-antrenament-18-tehnologic-barem.pdf,412568,6b8b19d1db7f90b894fc2da6f1b4f6a7668426695f82aa071a9aed27990136f2
2020,matematica,Matematica,teste-antrenament,Test de antrenament 18,subiect,2020-antrenament-18-tehnologic-subiect.pdf,bac/2020/matematica/teste-antrenament/2020-antrenament-18-tehnologic-subiect.pdf,393515,a629726f0645a98edd085f1b07a0c1074e47fc9c521d98f4df2d848573bb65f4
2020,matematica,Matematica,teste-antrenament,Test de antrenament 19,barem,2020-antrenament-19-mate-info-barem.pdf,bac/2020/matematica/teste-antrenament/2020-antrenament-19-mate-info-barem.pdf,430222,e4fe35d3427bd84ae7ad2ff54969752fb2d2082548fc48819b6b00a2fc61d78c
2020,matematica,Matematica,teste-antrenament,Test de antrenament 19,subiect,2020-antrenament-19-mate-info-subiect.pdf,bac/2020/matematica/teste-antrenament/2020-antrenament-19-mate-info-subiect.pdf,403546,ce392b7a16439ba092b46a703597fcaddc71b4fa007e644f8f0fcd59ddcd11fa
2020,matematica,Matematica,teste-antrenament,Test de antrenament 19,barem,2020-antrenament-19-pedagogic-barem.pdf,bac/2020/matematica/teste-antrenament/2020-antrenament-19-pedagogic-barem.pdf,413882,162881eef304199af98747df44f18adf4a19d026e70c0f3eff6723799daa1163
2020,matematica,Matematica,teste-antrenament,Test de antrenament 19,subiect,2020-antrenament-19-pedagogic-subiect.pdf,bac/2020/matematica/teste-antrenament/2020-antrenament-19-pedagogic-subiect.pdf,390092,526d0fdb4195316a7f607d618d44a9ef4a6314b323200681b34ade862b4fabfb
2020,matematica,Matematica,teste-antrenament,Test de antrenament 19,barem,2020-antrenament-19-stiinte-naturii-barem.pdf,bac/2020/matematica/teste-antrenament/2020-antrenament-19-stiinte-naturii-barem.pdf,409440,1af17cda9ae34059bc9a85ed1e6533e2c5124466e4f37b2469fda00afa38a0d6
2020,matematica,Matematica,teste-antrenament,Test de antrenament 19,subiect,2020-antrenament-19-stiinte-naturii-subiect.pdf,bac/2020/matematica/teste-antrenament/2020-antrenament-19-stiinte-naturii-subiect.pdf,392928,09677cf507e8e78f479d95ca398c0d0d103d32f176f4a5dbd861a591c0c8fb73
2020,matematica,Matematica,teste-antrenament,Test de antrenament 19,barem,2020-antrenament-19-tehnologic-barem.pdf,bac/2020/matematica/teste-antrenament/2020-antrenament-19-tehnologic-barem.pdf,412560,96e1e6f7f9255d0d95dce14b83f65e0a8a39f445c42275cc8e05de72ab778c1b
2020,matematica,Matematica,teste-antrenament,Test de antrenament 19,subiect,2020-antrenament-19-tehnologic-subiect.pdf,bac/2020/matematica/teste-antrenament/2020-antrenament-19-tehnologic-subiect.pdf,395807,4f4d3e95de7f60122209eae4640519e2300af63f3b2f334ebc2b629d77b50b73
2020,matematica,Matematica,teste-antrenament,Test de antrenament 20,barem,2020-antrenament-20-mate-info-barem.pdf,bac/2020/matematica/teste-antrenament/2020-antrenament-20-mate-info-barem.pdf,429902,93785acf9d14f55e685672e9573b5b6a67d6b8f123510d125e3da22021193d16
2020,matematica,Matematica,teste-antrenament,Test de antrenament 20,subiect,2020-antrenament-20-mate-info-subiect.pdf,bac/2020/matematica/teste-antrenament/2020-antrenament-20-mate-info-subiect.pdf,404942,a1369a9ea7f2647a77fe94fecd2a0389159740260510909947bbbc3c394e666c
2020,matematica,Matematica,teste-antrenament,Test de antrenament 20,barem,2020-antrenament-20-pedagogic-barem.pdf,bac/2020/matematica/teste-antrenament/2020-antrenament-20-pedagogic-barem.pdf,411676,b08884fc041e5a8cca1f67e7f104d7c597643b258d0374d3ab411dfa9fa0e774
2020,matematica,Matematica,teste-antrenament,Test de antrenament 20,subiect,2020-antrenament-20-pedagogic-subiect.pdf,bac/2020/matematica/teste-antrenament/2020-antrenament-20-pedagogic-subiect.pdf,389648,7292707b55f7752a0296b287733d7777aedceb9bca210470499f393e0edc8f58
2020,matematica,Matematica,teste-antrenament,Test de antrenament 20,barem,2020-antrenament-20-stiinte-naturii-barem.pdf,bac/2020/matematica/teste-antrenament/2020-antrenament-20-stiinte-naturii-barem.pdf,414002,d5d4bffc97e66087e15f1201cc46429e085688f38e1a2b07142939881b970e38
2020,matematica,Matematica,teste-antrenament,Test de antrenament 20,subiect,2020-antrenament-20-stiinte-naturii-subiect.pdf,bac/2020/matematica/teste-antrenament/2020-antrenament-20-stiinte-naturii-subiect.pdf,393737,c87eaeb1a184d0abbeb9429c78fa21f4f2afd5380c57425533ff1cea974ba724
2020,matematica,Matematica,teste-antrenament,Test de antrenament 20,barem,2020-antrenament-20-tehnologic-barem.pdf,bac/2020/matematica/teste-antrenament/2020-antrenament-20-tehnologic-barem.pdf,408834,674fc04ea38443847a6b51b3efd58f9474cb4d1a6f5f376096241442242be376
2020,matematica,Matematica,teste-antrenament,Test de antrenament 20,subiect,2020-antrenament-20-tehnologic-subiect.pdf,bac/2020/matematica/teste-antrenament/2020-antrenament-20-tehnologic-subiect.pdf,394883,ca92f72ffc84c064b78b673b23b84ac033ed668518c9391142a9a09d6891054a
